[{"model": "auth.user", "pk": 1, "fields": {"password": "pbkdf2_sha256$36000$srpNEVPvvOUg$NBMCQDQdK1CnmUB71lY+MKzRUN7dIvPCXhBiAWlWRUE=", "last_login": "2017-06-23T17:19:49.064Z", "is_superuser": true, "username": "admin", "first_name": "", "last_name": "", "email": "admin@admin", "is_staff": true, "is_active": true, "date_joined": "2017-04-29T13:22:51.586Z", "groups": [], "user_permissions": []}}, {"model": "auth.user", "pk": 3, "fields": {"password": "pbkdf2_sha256$36000$ebKo6CVtA8Zp$96rOZ56UWyCA3ZkS6VXxK/4icKIGcrwWuT8x5iUn1Vc=", "last_login": "2017-07-01T06:52:45.395Z", "is_superuser": true, "username": "jk", "first_name": "", "last_name": "", "email": "", "is_staff": true, "is_active": true, "date_joined": "2017-05-11T09:07:03Z", "groups": [], "user_permissions": []}}, {"model": "auth.user", "pk": 5, "fields": {"password": "pbkdf2_sha256$36000$bQvBZi5MAjqV$hk0e5fwwnvRitVClFJ3VYhPQZPHp+xBdBfKTouA0opY=", "last_login": "2017-06-27T22:01:34Z", "is_superuser": true, "username": "my", "first_name": "", "last_name": "", "email": "", "is_staff": true, "is_active": true, "date_joined": "2017-05-11T09:06:46Z", "groups": [], "user_permissions": []}}, {"model": "auth.user", "pk": 6, "fields": {"password": "pbkdf2_sha256$36000$lRzuBahutfhl$PFTEfPY2hMOEbIJnFRc8f7mZni/y0tcty4Yr5cTHZVo=", "last_login": "2017-07-02T17:33:50.732Z", "is_superuser": true, "username": "sk", "first_name": "", "last_name": "", "email": "", "is_staff": true, "is_active": true, "date_joined": "2017-05-11T09:06:52Z", "groups": [], "user_permissions": []}}, {"model": "auth.user", "pk": 7, "fields": {"password": "pbkdf2_sha256$36000$FLy49Nop7fTE$RNXhNkoTlWPwyjZK29ZGYp2tlwcg4UipaC/mz1KDS1k=", "last_login": "2017-07-02T09:12:56.585Z", "is_superuser": false, "username": "lwt", "first_name": "", "last_name": "", "email": "", "is_staff": false, "is_active": true, "date_joined": "2017-05-11T09:06:58Z", "groups": [], "user_permissions": []}}, {"model": "auth.user", "pk": 8, "fields": {"password": "pbkdf2_sha256$36000$apu0m6QiiZg4$suc8a0nfUuOSGJQkSinNf4uYK42x95k3oq3hVEV/85A=", "last_login": "2017-06-28T01:58:10.087Z", "is_superuser": false, "username": "zj", "first_name": "", "last_name": "", "email": "", "is_staff": false, "is_active": true, "date_joined": "2017-05-11T09:07:03Z", "groups": [], "user_permissions": []}}, {"model": "auth.user", "pk": 9, "fields": {"password": "pbkdf2_sha256$36000$iABgXhVRSnEn$lRbbi0T5n4vAwve+tmDREZ3qmV8f8kKAu/PpInQuRag=", "last_login": "2017-06-29T01:17:51.598Z", "is_superuser": false, "username": "hjr", "first_name": "", "last_name": "", "email": "", "is_staff": false, "is_active": true, "date_joined": "2017-05-11T09:07:03Z", "groups": [], "user_permissions": []}}, {"model": "auth.user", "pk": 10, "fields": {"password": "pbkdf2_sha256$36000$zL7MQGfIds89$9abm5H1d2jh9FBFiUi1tI338mSHN7y2Dae4dhtGIF/M=", "last_login": "2017-06-30T04:11:17.199Z", "is_superuser": false, "username": "dk", "first_name": "", "last_name": "", "email": "", "is_staff": false, "is_active": true, "date_joined": "2017-05-11T09:07:03Z", "groups": [], "user_permissions": []}}, {"model": "auth.user", "pk": 11, "fields": {"password": "pbkdf2_sha256$36000$eoMCpj2xel8F$yTNeiZQefko4LtMI5D630zwvMB77f6hFsTYz+S72+lI=", "last_login": "2017-06-28T02:29:47.694Z", "is_superuser": false, "username": "yangsha", "first_name": "", "last_name": "", "email": "", "is_staff": false, "is_active": true, "date_joined": "2017-05-11T09:07:03Z", "groups": [], "user_permissions": []}}, {"model": "auth.user", "pk": 13, "fields": {"password": "pbkdf2_sha256$36000$zPYROfD7OgdS$M2+gGIEKbjb21+4RXnxMw5taauub0boxf5nEctZRjNo=", "last_login": "2017-06-27T22:36:11Z", "is_superuser": false, "username": "ys", "first_name": "", "last_name": "", "email": "", "is_staff": false, "is_active": true, "date_joined": "2017-05-11T09:07:03Z", "groups": [], "user_permissions": []}}, {"model": "auth.user", "pk": 15, "fields": {"password": "pbkdf2_sha256$36000$CaexX1kpgfst$zTKC0T49YmWJy8k2xV9JbO1x1UvBz2bRpL8Z9ETlwzc=", "last_login": "2017-06-28T02:01:55.977Z", "is_superuser": false, "username": "bx", "first_name": "", "last_name": "", "email": "", "is_staff": false, "is_active": true, "date_joined": "2017-05-11T09:07:03Z", "groups": [], "user_permissions": []}}, {"model": "auth.user", "pk": 16, "fields": {"password": "pbkdf2_sha256$36000$7WqB9RFRF4j8$4jiKdMsDDFDSy1NDbaQC8ptWoji4I1JzpOFgW8TSFpY=", "last_login": null, "is_superuser": false, "username": "sy", "first_name": "", "last_name": "", "email": "", "is_staff": false, "is_active": true, "date_joined": "2017-05-11T09:07:03Z", "groups": [], "user_permissions": []}}, {"model": "auth.user", "pk": 17, "fields": {"password": "pbkdf2_sha256$36000$YsFuyg3QcrK1$k6aEEoqGUPlh5SHGXjQcef3LTWKw2R8qZdRpdFNyIhg=", "last_login": "2017-06-27T18:29:12Z", "is_superuser": false, "username": "hc", "first_name": "", "last_name": "", "email": "", "is_staff": false, "is_active": true, "date_joined": "2017-05-11T09:07:03Z", "groups": [], "user_permissions": []}}, {"model": "auth.user", "pk": 18, "fields": {"password": "pbkdf2_sha256$36000$cY1BflIpp0zn$0fUgO/7Rb8Uo84XeNLo8PjzLbFr8E6aDmudDI8df7GI=", "last_login": "2017-06-28T02:01:22.646Z", "is_superuser": false, "username": "zc", "first_name": "", "last_name": "", "email": "", "is_staff": false, "is_active": true, "date_joined": "2017-05-11T09:07:03Z", "groups": [], "user_permissions": []}}, {"model": "auth.user", "pk": 19, "fields": {"password": "pbkdf2_sha256$36000$VqTxsGquCjPL$qeZK+BVIwbHcN7zAxQrE4kQ8aAzx/+UC/CiFRvJ8APQ=", "last_login": null, "is_superuser": false, "username": "qc", "first_name": "", "last_name": "", "email": "", "is_staff": false, "is_active": true, "date_joined": "2017-05-11T09:07:03Z", "groups": [], "user_permissions": []}}, {"model": "auth.user", "pk": 20, "fields": {"password": "pbkdf2_sha256$36000$9LziVWGjenfP$6WZwpJ+IUoZ0dx1pw7h9am+GghuImrqTP4UH2TC9H30=", "last_login": null, "is_superuser": false, "username": "jb", "first_name": "", "last_name": "", "email": "", "is_staff": false, "is_active": true, "date_joined": "2017-05-11T09:07:03Z", "groups": [], "user_permissions": []}}, {"model": "auth.user", "pk": 21, "fields": {"password": "pbkdf2_sha256$36000$iw4UcOy9pKNe$RYBhBoC6gEoBPPMia5gLNU6jO1loOH9VuGqRqyCosmE=", "last_login": "2017-06-28T02:02:21.409Z", "is_superuser": false, "username": "fx", "first_name": "", "last_name": "", "email": "", "is_staff": false, "is_active": true, "date_joined": "2017-05-11T09:07:03Z", "groups": [], "user_permissions": []}}, {"model": "auth.user", "pk": 22, "fields": {"password": "pbkdf2_sha256$36000$84Hz55oK3Hek$M6z4BcNNWSlteSLKKHIphl3bkywycvpUlXbqTtNxGhM=", "last_login": "2017-06-27T18:36:06Z", "is_superuser": false, "username": "qinan", "first_name": "", "last_name": "", "email": "", "is_staff": false, "is_active": true, "date_joined": "2017-05-11T09:07:03Z", "groups": [], "user_permissions": []}}, {"model": "auth.user", "pk": 23, "fields": {"password": "pbkdf2_sha256$36000$gaUvnam0JP36$P6PIHHWmLvpqSbC8CUIGaxM8mQlPYD/MLzCt9kkV+8A=", "last_login": "2017-06-24T08:36:18Z", "is_superuser": false, "username": "yongshou", "first_name": "", "last_name": "", "email": "", "is_staff": false, "is_active": true, "date_joined": "2017-05-11T09:07:03Z", "groups": [], "user_permissions": []}}, {"model": "auth.user", "pk": 25, "fields": {"password": "pbkdf2_sha256$36000$OMomgUPgEmj4$rsDdE0d9fyQc179Yj39M3cYFtPfxcTL7tfINg6XvSdI=", "last_login": "2017-06-24T08:37:00Z", "is_superuser": false, "username": "binxian", "first_name": "", "last_name": "", "email": "", "is_staff": false, "is_active": true, "date_joined": "2017-05-11T09:07:03Z", "groups": [], "user_permissions": []}}, {"model": "auth.user", "pk": 26, "fields": {"password": "pbkdf2_sha256$36000$hH1BzaDxhmWy$OrfFPtsCJVQtpGfOvw14PnepoxTLFwFiEjctLH/3N0s=", "last_login": "2017-06-24T08:37:26Z", "is_superuser": false, "username": "sanyuan", "first_name": "", "last_name": "", "email": "", "is_staff": false, "is_active": true, "date_joined": "2017-05-11T09:07:03Z", "groups": [], "user_permissions": []}}, {"model": "auth.user", "pk": 27, "fields": {"password": "pbkdf2_sha256$36000$epbVTATT8dpI$SJnRnlXVkbD3fDrvXA/FU5Pq9IuQYF1+V+CQvdpelic=", "last_login": "2017-06-24T08:38:02Z", "is_superuser": false, "username": "huachi", "first_name": "", "last_name": "", "email": "", "is_staff": false, "is_active": true, "date_joined": "2017-05-11T09:07:03Z", "groups": [], "user_permissions": []}}, {"model": "auth.user", "pk": 28, "fields": {"password": "pbkdf2_sha256$36000$JcxlsutGoDLz$y4D1cz2ID5jgxuxQxcbV9THakCtLvDk/EfstqFFAjb8=", "last_login": "2017-06-24T08:38:56Z", "is_superuser": false, "username": "zichang", "first_name": "", "last_name": "", "email": "", "is_staff": false, "is_active": true, "date_joined": "2017-05-11T09:07:03Z", "groups": [], "user_permissions": []}}, {"model": "auth.user", "pk": 29, "fields": {"password": "pbkdf2_sha256$36000$RQRkjjE7i8v7$shhwSTnW0HQMR2LUZFAgvO9XGW+KWalZ7XH/oybu+Kk=", "last_login": "2017-06-30T02:57:50.735Z", "is_superuser": false, "username": "qingcheng", "first_name": "", "last_name": "", "email": "", "is_staff": false, "is_active": true, "date_joined": "2017-05-11T09:07:03Z", "groups": [], "user_permissions": []}}, {"model": "auth.user", "pk": 30, "fields": {"password": "pbkdf2_sha256$36000$QVC4y10QTtIf$9mT1+6lg1QfjuQUUUf8X/vP2EN+QEsBKNFP9b1v7810=", "last_login": "2017-06-30T02:57:34.266Z", "is_superuser": false, "username": "jingbian", "first_name": "", "last_name": "", "email": "", "is_staff": false, "is_active": true, "date_joined": "2017-05-11T09:07:03Z", "groups": [], "user_permissions": []}}, {"model": "auth.user", "pk": 31, "fields": {"password": "pbkdf2_sha256$36000$uOgsUZGqinVS$3/nOZlfvaC5eMWV753Q5KzNJfMx121Nu8pUldX3nNIg=", "last_login": "2017-06-30T02:57:22.354Z", "is_superuser": false, "username": "fuxian", "first_name": "", "last_name": "", "email": "", "is_staff": false, "is_active": true, "date_joined": "2017-05-11T09:07:03Z", "groups": [], "user_permissions": []}}, {"model": "auth.user", "pk": 32, "fields": {"password": "pbkdf2_sha256$36000$3D9HlXYnHdjq$lqp5Pbflmys9VKxfZ0w+W+RZpf/dumx0X1Uc6ChW+WA=", "last_login": "2017-06-24T08:41:40Z", "is_superuser": false, "username": "qinansales", "first_name": "", "last_name": "", "email": "", "is_staff": false, "is_active": true, "date_joined": "2017-05-11T09:07:03Z", "groups": [], "user_permissions": []}}, {"model": "auth.user", "pk": 33, "fields": {"password": "pbkdf2_sha256$36000$tLl1Mk6ysTTp$F5fioo2KsPlYa0rlTWZBhAp5SUPDpM+1L4SDR3/L5iM=", "last_login": "2017-06-27T22:35:58Z", "is_superuser": false, "username": "yongshousales", "first_name": "", "last_name": "", "email": "", "is_staff": false, "is_active": true, "date_joined": "2017-05-11T09:07:03Z", "groups": [], "user_permissions": []}}, {"model": "auth.user", "pk": 35, "fields": {"password": "pbkdf2_sha256$36000$fToY2IAGRFM7$LWiLnP/qUOSV8cZ2yCiUcmhtjCCcRXv9OD5Z0ueDnp4=", "last_login": "2017-06-30T02:53:47.617Z", "is_superuser": false, "username": "binxiansales", "first_name": "", "last_name": "", "email": "", "is_staff": false, "is_active": true, "date_joined": "2017-05-11T09:07:03Z", "groups": [], "user_permissions": []}}, {"model": "auth.user", "pk": 36, "fields": {"password": "pbkdf2_sha256$36000$1u48AjOmXFin$9Ni5rNt1ZPyXcH4uBTDEMAWC6vXF1nYPWW+AxW8enyE=", "last_login": "2017-06-30T02:54:24.430Z", "is_superuser": false, "username": "sanyuansales", "first_name": "", "last_name": "", "email": "", "is_staff": false, "is_active": true, "date_joined": "2017-05-11T09:07:03Z", "groups": [], "user_permissions": []}}, {"model": "auth.user", "pk": 37, "fields": {"password": "pbkdf2_sha256$36000$DqW0HGAn7pcL$a3vvUvWuXO5HfJR6rlGizLC324LBL3BzrgsDHa5SzL8=", "last_login": "2017-06-30T20:20:10.702Z", "is_superuser": false, "username": "huachisales", "first_name": "", "last_name": "", "email": "", "is_staff": false, "is_active": true, "date_joined": "2017-05-11T09:07:03Z", "groups": [], "user_permissions": []}}, {"model": "auth.user", "pk": 38, "fields": {"password": "pbkdf2_sha256$36000$zAB8OJcv5rrY$dRElwWdB1mmeX3C/oGIbqf08ccQ72LCBU8xr/7IUhwQ=", "last_login": "2017-06-30T02:54:54.348Z", "is_superuser": false, "username": "qingchengsales", "first_name": "", "last_name": "", "email": "", "is_staff": false, "is_active": true, "date_joined": "2017-05-11T09:07:03Z", "groups": [], "user_permissions": []}}, {"model": "auth.user", "pk": 39, "fields": {"password": "pbkdf2_sha256$36000$QMVSmkVDbay8$n1rgprf/IxbeLu1DpRMooSD9TTvp48nLj4DeHS4KljE=", "last_login": "2017-06-30T02:55:09.082Z", "is_superuser": false, "username": "jingbiansales", "first_name": "", "last_name": "", "email": "", "is_staff": false, "is_active": true, "date_joined": "2017-05-11T09:07:03Z", "groups": [], "user_permissions": []}}, {"model": "auth.user", "pk": 40, "fields": {"password": "pbkdf2_sha256$36000$CKw3inSHRwkt$aBbfdWUcDOG9DNAQDg6EPwBg2I2H3/3JgmIpCcYlEDk=", "last_login": "2017-06-30T02:55:24.737Z", "is_superuser": false, "username": "fuxiansales", "first_name": "", "last_name": "", "email": "", "is_staff": false, "is_active": true, "date_joined": "2017-05-11T09:07:03Z", "groups": [], "user_permissions": []}}, {"model": "auth.user", "pk": 41, "fields": {"password": "pbkdf2_sha256$36000$n0rWtE409uaH$8P9esKVuVpHyA5yMyZDolnkBv4/NaM30tZdNIZ9w5qM=", "last_login": "2017-06-30T02:52:56.769Z", "is_superuser": false, "username": "maijisales", "first_name": "", "last_name": "", "email": "", "is_staff": false, "is_active": true, "date_joined": "2017-05-11T09:07:03Z", "groups": [], "user_permissions": []}}, {"model": "auth.user", "pk": 42, "fields": {"password": "pbkdf2_sha256$36000$U6cQvOXaofwy$ZPGXfWzJnF5MVMC5Y+o4lM8Xkht5gAUeGV5vQ2a4MvU=", "last_login": "2017-06-30T09:52:38.320Z", "is_superuser": true, "username": "qmy", "first_name": "", "last_name": "", "email": "", "is_staff": true, "is_active": true, "date_joined": "2017-06-21T22:24:41Z", "groups": [], "user_permissions": []}}, {"model": "auth.user", "pk": 43, "fields": {"password": "pbkdf2_sha256$36000$S85irwxe8U7W$b5r6RYZ12m3rW8Wus9ONf3gIfAIGGlkCYYZjT1GAm+8=", "last_login": "2017-06-30T04:43:15.797Z", "is_superuser": true, "username": "ghy", "first_name": "", "last_name": "", "email": "", "is_staff": true, "is_active": true, "date_joined": "2017-06-21T22:25:08Z", "groups": [], "user_permissions": []}}, {"model": "auth.user", "pk": 44, "fields": {"password": "pbkdf2_sha256$36000$BYUpvAFPDOxs$0LItZb/jAmCH7bFD3Pz8I/xHgNIUYOEp9p3ZmnqaSes=", "last_login": "2017-06-28T01:56:37.070Z", "is_superuser": true, "username": "mb", "first_name": "", "last_name": "", "email": "", "is_staff": true, "is_active": true, "date_joined": "2017-06-21T22:25:28Z", "groups": [], "user_permissions": []}}, {"model": "auth.user", "pk": 45, "fields": {"password": "pbkdf2_sha256$36000$5bq1RSL2UITT$kC1ewA9v675z86XUnJAhuLC/HlvNaU35q+dVhgyn69E=", "last_login": "2017-06-28T02:57:38.142Z", "is_superuser": true, "username": "wh", "first_name": "", "last_name": "", "email": "", "is_staff": true, "is_active": true, "date_joined": "2017-06-21T22:25:53Z", "groups": [], "user_permissions": []}}, {"model": "auth.user", "pk": 46, "fields": {"password": "pbkdf2_sha256$36000$NfuKDYAv1j2S$xNXdcPJ2lLekalbs7u3f2F7fHKKgAFnqQv19V43eGnU=", "last_login": null, "is_superuser": false, "username": "mj", "first_name": "", "last_name": "", "email": "", "is_staff": false, "is_active": true, "date_joined": "2017-06-26T22:53:35Z", "groups": [], "user_permissions": []}}, {"model": "auth.user", "pk": 47, "fields": {"password": "pbkdf2_sha256$36000$jptjlFnlzPT4$yx+f+I8/r/Od8yzfK8H8LI4TR9JZy00VjSX3SQKlQFs=", "last_login": "2017-07-02T03:24:55.428Z", "is_superuser": false, "username": "hefei", "first_name": "", "last_name": "", "email": "", "is_staff": false, "is_active": true, "date_joined": "2017-06-28T01:09:06Z", "groups": [], "user_permissions": []}}, {"model": "auth.user", "pk": 48, "fields": {"password": "", "last_login": null, "is_superuser": false, "username": "deleted_user", "first_name": "", "last_name": "", "email": "", "is_staff": false, "is_active": true, "date_joined": "2017-06-28T01:16:05.830Z", "groups": [], "user_permissions": []}}, {"model": "auth.user", "pk": 49, "fields": {"password": "pbkdf2_sha256$36000$wNW8Q6FtNRb0$Szf8k2x11zP8xPMdKDKsbaeIuz/enAfPGV7fFFIjOg0=", "last_login": null, "is_superuser": false, "username": "qa", "first_name": "", "last_name": "", "email": "", "is_staff": false, "is_active": true, "date_joined": "2017-06-28T01:18:46Z", "groups": [], "user_permissions": []}}, {"model": "auth.user", "pk": 50, "fields": {"password": "pbkdf2_sha256$36000$66HKeLkNXc7U$LIY5Lk/dO/Ajh/RavKS/R5gkNSY6QDLStDZE+IVIm7I=", "last_login": "2017-06-30T03:14:05.723Z", "is_superuser": false, "username": "zhaoyanyan", "first_name": "", "last_name": "", "email": "", "is_staff": false, "is_active": true, "date_joined": "2017-06-28T03:44:33Z", "groups": [], "user_permissions": []}}, {"model": "stores.region", "pk": 2, "fields": {"manager": 1, "name": "Region 1"}}, {"model": "stores.store", "pk": 1, "fields": {"region": 2, "manager": 49, "name": "1\u79e6\u5b89"}}, {"model": "stores.store", "pk": 2, "fields": {"region": 2, "manager": 13, "name": "2\u6c38\u5bff"}}, {"model": "stores.store", "pk": 4, "fields": {"region": 2, "manager": 15, "name": "4\u5f6c\u53bf"}}, {"model": "stores.store", "pk": 5, "fields": {"region": 2, "manager": 16, "name": "6\u4e09\u539f"}}, {"model": "stores.store", "pk": 6, "fields": {"region": 2, "manager": 17, "name": "5\u534e\u6c60"}}, {"model": "stores.store", "pk": 7, "fields": {"region": 2, "manager": 18, "name": "7\u5b50\u957f"}}, {"model": "stores.store", "pk": 8, "fields": {"region": 2, "manager": 19, "name": "8\u5e86\u57ce"}}, {"model": "stores.store", "pk": 10, "fields": {"region": 2, "manager": 20, "name": "10\u9756\u8fb9"}}, {"model": "stores.store", "pk": 11, "fields": {"region": 2, "manager": 21, "name": "11\u5bcc\u53bf"}}, {"model": "stores.store", "pk": 12, "fields": {"region": 2, "manager": 6, "name": "00\u5404\u89c6\u5149\u4e2d\u5fc3"}}, {"model": "stores.store", "pk": 33, "fields": {"region": 2, "manager": 46, "name": "9\u9ea6\u79ef"}}, {"model": "stores.storeassociate", "pk": 1, "fields": {"store": 4, "user": 25}}, {"model": "stores.storeassociate", "pk": 2, "fields": {"store": 4, "user": 35}}, {"model": "stores.storeassociate", "pk": 3, "fields": {"store": 1, "user": 10}}, {"model": "stores.storeassociate", "pk": 4, "fields": {"store": 2, "user": 10}}, {"model": "stores.storeassociate", "pk": 5, "fields": {"store": 4, "user": 10}}, {"model": "stores.storeassociate", "pk": 6, "fields": {"store": 6, "user": 10}}, {"model": "stores.storeassociate", "pk": 7, "fields": {"store": 5, "user": 10}}, {"model": "stores.storeassociate", "pk": 8, "fields": {"store": 7, "user": 10}}, {"model": "stores.storeassociate", "pk": 9, "fields": {"store": 8, "user": 10}}, {"model": "stores.storeassociate", "pk": 10, "fields": {"store": 33, "user": 10}}, {"model": "stores.storeassociate", "pk": 11, "fields": {"store": 10, "user": 10}}, {"model": "stores.storeassociate", "pk": 12, "fields": {"store": 11, "user": 10}}, {"model": "stores.storeassociate", "pk": 14, "fields": {"store": 12, "user": 10}}, {"model": "stores.storeassociate", "pk": 15, "fields": {"store": 11, "user": 31}}, {"model": "stores.storeassociate", "pk": 16, "fields": {"store": 11, "user": 40}}, {"model": "stores.storeassociate", "pk": 17, "fields": {"store": 1, "user": 9}}, {"model": "stores.storeassociate", "pk": 18, "fields": {"store": 2, "user": 9}}, {"model": "stores.storeassociate", "pk": 19, "fields": {"store": 4, "user": 9}}, {"model": "stores.storeassociate", "pk": 20, "fields": {"store": 5, "user": 9}}, {"model": "stores.storeassociate", "pk": 21, "fields": {"store": 6, "user": 9}}, {"model": "stores.storeassociate", "pk": 22, "fields": {"store": 7, "user": 9}}, {"model": "stores.storeassociate", "pk": 23, "fields": {"store": 8, "user": 9}}, {"model": "stores.storeassociate", "pk": 24, "fields": {"store": 33, "user": 9}}, {"model": "stores.storeassociate", "pk": 25, "fields": {"store": 10, "user": 9}}, {"model": "stores.storeassociate", "pk": 26, "fields": {"store": 11, "user": 9}}, {"model": "stores.storeassociate", "pk": 28, "fields": {"store": 12, "user": 9}}, {"model": "stores.storeassociate", "pk": 29, "fields": {"store": 6, "user": 37}}, {"model": "stores.storeassociate", "pk": 30, "fields": {"store": 10, "user": 30}}, {"model": "stores.storeassociate", "pk": 31, "fields": {"store": 10, "user": 39}}, {"model": "stores.storeassociate", "pk": 32, "fields": {"store": 33, "user": 41}}, {"model": "stores.storeassociate", "pk": 33, "fields": {"store": 1, "user": 22}}, {"model": "stores.storeassociate", "pk": 34, "fields": {"store": 1, "user": 32}}, {"model": "stores.storeassociate", "pk": 35, "fields": {"store": 8, "user": 29}}, {"model": "stores.storeassociate", "pk": 36, "fields": {"store": 8, "user": 38}}, {"model": "stores.storeassociate", "pk": 37, "fields": {"store": 5, "user": 26}}, {"model": "stores.storeassociate", "pk": 38, "fields": {"store": 5, "user": 36}}, {"model": "stores.storeassociate", "pk": 39, "fields": {"store": 1, "user": 11}}, {"model": "stores.storeassociate", "pk": 40, "fields": {"store": 2, "user": 11}}, {"model": "stores.storeassociate", "pk": 41, "fields": {"store": 4, "user": 11}}, {"model": "stores.storeassociate", "pk": 42, "fields": {"store": 6, "user": 11}}, {"model": "stores.storeassociate", "pk": 43, "fields": {"store": 5, "user": 11}}, {"model": "stores.storeassociate", "pk": 44, "fields": {"store": 7, "user": 11}}, {"model": "stores.storeassociate", "pk": 45, "fields": {"store": 8, "user": 11}}, {"model": "stores.storeassociate", "pk": 46, "fields": {"store": 33, "user": 11}}, {"model": "stores.storeassociate", "pk": 47, "fields": {"store": 10, "user": 11}}, {"model": "stores.storeassociate", "pk": 48, "fields": {"store": 11, "user": 11}}, {"model": "stores.storeassociate", "pk": 50, "fields": {"store": 12, "user": 11}}, {"model": "stores.storeassociate", "pk": 51, "fields": {"store": 2, "user": 23}}, {"model": "stores.storeassociate", "pk": 52, "fields": {"store": 2, "user": 33}}, {"model": "stores.storeassociate", "pk": 53, "fields": {"store": 7, "user": 28}}, {"model": "stores.storeassociate", "pk": 56, "fields": {"store": 6, "user": 27}}, {"model": "stores.storeassociate", "pk": 57, "fields": {"store": 1, "user": 42}}, {"model": "stores.storeassociate", "pk": 58, "fields": {"store": 2, "user": 42}}, {"model": "stores.storeassociate", "pk": 59, "fields": {"store": 4, "user": 42}}, {"model": "stores.storeassociate", "pk": 60, "fields": {"store": 6, "user": 42}}, {"model": "stores.storeassociate", "pk": 61, "fields": {"store": 5, "user": 42}}, {"model": "stores.storeassociate", "pk": 62, "fields": {"store": 7, "user": 42}}, {"model": "stores.storeassociate", "pk": 63, "fields": {"store": 8, "user": 42}}, {"model": "stores.storeassociate", "pk": 64, "fields": {"store": 33, "user": 42}}, {"model": "stores.storeassociate", "pk": 65, "fields": {"store": 10, "user": 42}}, {"model": "stores.storeassociate", "pk": 66, "fields": {"store": 11, "user": 42}}, {"model": "stores.storeassociate", "pk": 67, "fields": {"store": 1, "user": 43}}, {"model": "stores.storeassociate", "pk": 68, "fields": {"store": 2, "user": 43}}, {"model": "stores.storeassociate", "pk": 69, "fields": {"store": 4, "user": 43}}, {"model": "stores.storeassociate", "pk": 70, "fields": {"store": 6, "user": 43}}, {"model": "stores.storeassociate", "pk": 71, "fields": {"store": 5, "user": 43}}, {"model": "stores.storeassociate", "pk": 72, "fields": {"store": 7, "user": 43}}, {"model": "stores.storeassociate", "pk": 73, "fields": {"store": 8, "user": 43}}, {"model": "stores.storeassociate", "pk": 74, "fields": {"store": 33, "user": 43}}, {"model": "stores.storeassociate", "pk": 75, "fields": {"store": 10, "user": 43}}, {"model": "stores.storeassociate", "pk": 76, "fields": {"store": 11, "user": 43}}, {"model": "stores.storeassociate", "pk": 77, "fields": {"store": 12, "user": 43}}, {"model": "stores.storeassociate", "pk": 78, "fields": {"store": 12, "user": 42}}, {"model": "stores.storeassociate", "pk": 79, "fields": {"store": 1, "user": 44}}, {"model": "stores.storeassociate", "pk": 80, "fields": {"store": 2, "user": 44}}, {"model": "stores.storeassociate", "pk": 81, "fields": {"store": 4, "user": 44}}, {"model": "stores.storeassociate", "pk": 82, "fields": {"store": 6, "user": 44}}, {"model": "stores.storeassociate", "pk": 83, "fields": {"store": 5, "user": 44}}, {"model": "stores.storeassociate", "pk": 84, "fields": {"store": 7, "user": 44}}, {"model": "stores.storeassociate", "pk": 85, "fields": {"store": 8, "user": 44}}, {"model": "stores.storeassociate", "pk": 86, "fields": {"store": 33, "user": 44}}, {"model": "stores.storeassociate", "pk": 87, "fields": {"store": 10, "user": 44}}, {"model": "stores.storeassociate", "pk": 88, "fields": {"store": 11, "user": 44}}, {"model": "stores.storeassociate", "pk": 89, "fields": {"store": 12, "user": 44}}, {"model": "stores.storeassociate", "pk": 90, "fields": {"store": 1, "user": 45}}, {"model": "stores.storeassociate", "pk": 91, "fields": {"store": 2, "user": 45}}, {"model": "stores.storeassociate", "pk": 92, "fields": {"store": 4, "user": 45}}, {"model": "stores.storeassociate", "pk": 93, "fields": {"store": 6, "user": 45}}, {"model": "stores.storeassociate", "pk": 94, "fields": {"store": 5, "user": 45}}, {"model": "stores.storeassociate", "pk": 95, "fields": {"store": 7, "user": 45}}, {"model": "stores.storeassociate", "pk": 96, "fields": {"store": 8, "user": 45}}, {"model": "stores.storeassociate", "pk": 97, "fields": {"store": 33, "user": 45}}, {"model": "stores.storeassociate", "pk": 98, "fields": {"store": 10, "user": 45}}, {"model": "stores.storeassociate", "pk": 99, "fields": {"store": 11, "user": 45}}, {"model": "stores.storeassociate", "pk": 100, "fields": {"store": 12, "user": 45}}, {"model": "stores.storeassociate", "pk": 101, "fields": {"store": 1, "user": 7}}, {"model": "stores.storeassociate", "pk": 102, "fields": {"store": 2, "user": 7}}, {"model": "stores.storeassociate", "pk": 103, "fields": {"store": 4, "user": 7}}, {"model": "stores.storeassociate", "pk": 104, "fields": {"store": 6, "user": 7}}, {"model": "stores.storeassociate", "pk": 105, "fields": {"store": 5, "user": 7}}, {"model": "stores.storeassociate", "pk": 106, "fields": {"store": 7, "user": 7}}, {"model": "stores.storeassociate", "pk": 107, "fields": {"store": 8, "user": 7}}, {"model": "stores.storeassociate", "pk": 108, "fields": {"store": 33, "user": 7}}, {"model": "stores.storeassociate", "pk": 109, "fields": {"store": 10, "user": 7}}, {"model": "stores.storeassociate", "pk": 110, "fields": {"store": 11, "user": 7}}, {"model": "stores.storeassociate", "pk": 111, "fields": {"store": 12, "user": 7}}, {"model": "stores.storeassociate", "pk": 112, "fields": {"store": 1, "user": 8}}, {"model": "stores.storeassociate", "pk": 113, "fields": {"store": 2, "user": 8}}, {"model": "stores.storeassociate", "pk": 114, "fields": {"store": 4, "user": 8}}, {"model": "stores.storeassociate", "pk": 115, "fields": {"store": 6, "user": 8}}, {"model": "stores.storeassociate", "pk": 116, "fields": {"store": 5, "user": 8}}, {"model": "stores.storeassociate", "pk": 117, "fields": {"store": 7, "user": 8}}, {"model": "stores.storeassociate", "pk": 118, "fields": {"store": 8, "user": 8}}, {"model": "stores.storeassociate", "pk": 119, "fields": {"store": 33, "user": 8}}, {"model": "stores.storeassociate", "pk": 120, "fields": {"store": 10, "user": 8}}, {"model": "stores.storeassociate", "pk": 121, "fields": {"store": 11, "user": 8}}, {"model": "stores.storeassociate", "pk": 122, "fields": {"store": 12, "user": 8}}, {"model": "stores.storeassociate", "pk": 123, "fields": {"store": 1, "user": 47}}, {"model": "stores.storeassociate", "pk": 124, "fields": {"store": 2, "user": 47}}, {"model": "stores.storeassociate", "pk": 125, "fields": {"store": 4, "user": 47}}, {"model": "stores.storeassociate", "pk": 126, "fields": {"store": 6, "user": 47}}, {"model": "stores.storeassociate", "pk": 127, "fields": {"store": 5, "user": 47}}, {"model": "stores.storeassociate", "pk": 128, "fields": {"store": 7, "user": 47}}, {"model": "stores.storeassociate", "pk": 129, "fields": {"store": 8, "user": 47}}, {"model": "stores.storeassociate", "pk": 130, "fields": {"store": 33, "user": 47}}, {"model": "stores.storeassociate", "pk": 131, "fields": {"store": 10, "user": 47}}, {"model": "stores.storeassociate", "pk": 132, "fields": {"store": 11, "user": 47}}, {"model": "stores.storeassociate", "pk": 133, "fields": {"store": 12, "user": 47}}, {"model": "stores.storeassociate", "pk": 134, "fields": {"store": 1, "user": 48}}, {"model": "stores.storeassociate", "pk": 135, "fields": {"store": 1, "user": 48}}, {"model": "stores.storeassociate", "pk": 136, "fields": {"store": 1, "user": 49}}, {"model": "stores.storeassociate", "pk": 137, "fields": {"store": 2, "user": 13}}, {"model": "stores.storeassociate", "pk": 138, "fields": {"store": 4, "user": 15}}, {"model": "stores.storeassociate", "pk": 139, "fields": {"store": 5, "user": 16}}, {"model": "stores.storeassociate", "pk": 140, "fields": {"store": 6, "user": 17}}, {"model": "stores.storeassociate", "pk": 141, "fields": {"store": 7, "user": 18}}, {"model": "stores.storeassociate", "pk": 142, "fields": {"store": 8, "user": 19}}, {"model": "stores.storeassociate", "pk": 143, "fields": {"store": 10, "user": 20}}, {"model": "stores.storeassociate", "pk": 144, "fields": {"store": 11, "user": 21}}, {"model": "stores.storeassociate", "pk": 145, "fields": {"store": 1, "user": 50}}, {"model": "stores.storeassociate", "pk": 146, "fields": {"store": 2, "user": 50}}, {"model": "stores.storeassociate", "pk": 147, "fields": {"store": 4, "user": 50}}, {"model": "stores.storeassociate", "pk": 148, "fields": {"store": 6, "user": 50}}, {"model": "stores.storeassociate", "pk": 149, "fields": {"store": 5, "user": 50}}, {"model": "stores.storeassociate", "pk": 150, "fields": {"store": 7, "user": 50}}, {"model": "stores.storeassociate", "pk": 151, "fields": {"store": 8, "user": 50}}, {"model": "stores.storeassociate", "pk": 152, "fields": {"store": 33, "user": 50}}, {"model": "stores.storeassociate", "pk": 153, "fields": {"store": 10, "user": 50}}, {"model": "stores.storeassociate", "pk": 154, "fields": {"store": 11, "user": 50}}, {"model": "stores.storeassociate", "pk": 155, "fields": {"store": 12, "user": 50}}, {"model": "stores.storepage", "pk": 3, "fields": {"store": 1, "page": 4, "iframe_urls": "https://creator.zohopublic.com/zoho_sam911/order-management/view-embed/view28/M8hgNGu2OkJNRED97XGUAuX53WtZfTvHK1FFsOPYsy6FnB0C1zPARFFsubSt2x5kVRUS2WFyxSBjWdeuaMspn5ByCd6KhSZtfrRw"}}, {"model": "stores.storepage", "pk": 4, "fields": {"store": 2, "page": 4, "iframe_urls": "https://creator.zohopublic.com/zoho_sam911/order-management/view-embed/view29/fyR9fNe11RJfH3ujqQ16e73wTrdSUGHD6yE3dRjXjWj6edY5T5VXA8wNjXBCmTmUrveqzEjqvM2gBUnNbU7TuRrvhfgJqaXb87qk"}}, {"model": "stores.storepage", "pk": 8, "fields": {"store": 4, "page": 4, "iframe_urls": "https://creator.zohopublic.com/zoho_sam911/order-management/view-embed/view31/fpf6ewbWgM23k00SYytG29HZZ8UOUeqfmdd5UzJ3ywDG617KxO8drvhRXWgVMDMg750KGHbR866S37r7QPBswd5qEATP51SwFxZU"}}, {"model": "stores.storepage", "pk": 9, "fields": {"store": 5, "page": 4, "iframe_urls": "https://creator.zohopublic.com/zoho_sam911/order-management/view-embed/view32/gMO0Tv7O4RYDKEw1MRjXw6TfPTBBTS141Zn6fXwCa63E84aZhPwyh8kOC08rDyHYxqWJxdRn7bdOVt3b3f5h3uGAdT3WkfzDAyUm"}}, {"model": "stores.storepage", "pk": 10, "fields": {"store": 12, "page": 4, "iframe_urls": "https://creator.zohopublic.com/zoho_sam911/order-management/view-embed/Inventory_Report/CjGXPJEHuFyJXhBZFnAnB5Z3WV6kRfh9KHjOvTETJGtEfX5pTf9yuMWY7mewQ36uDJG3sDZDkytbAUfEtQK0gfGSj7VdGkNjzOzC"}}, {"model": "stores.storepage", "pk": 11, "fields": {"store": 6, "page": 4, "iframe_urls": "https://creator.zohopublic.com/zoho_sam911/order-management/view-embed/view33/MupDt2bBKwgsuxTUpVhUXuFu1gxQQDbDySMeug93nH3ASwzFasea46z3rFx62fENng3qb9qZSuwZmxOB5XKC7VV1JEpws3FZEJmY"}}, {"model": "stores.storepage", "pk": 12, "fields": {"store": 7, "page": 4, "iframe_urls": "https://creator.zohopublic.com/zoho_sam911/order-management/view-embed/view36/rGSV917ZJmRvUE4ujUvQCbCSTKks9q5QZSvQx7MG6O9tnFB1Y4bTxOP4sZhV4CPR43Rtzt1fpJkhCS6juYXNHVeQnmEjmVtdYm3T"}}, {"model": "stores.storepage", "pk": 13, "fields": {"store": 8, "page": 4, "iframe_urls": "https://creator.zohopublic.com/zoho_sam911/order-management/view-embed/view34/HES7nJYmKpqzK3xfsT7GOnyhEHMb64dgmsEJ4KUxMn7vmDGb77vt9ZnFdnqy4Fs0tnk9V6P0g0p0HVR1r2anTG20DmzewumKDGWG"}}, {"model": "stores.storepage", "pk": 14, "fields": {"store": 11, "page": 4, "iframe_urls": "https://creator.zohopublic.com/zoho_sam911/order-management/view-embed/view38/VSuAfpJ1BrfAsYE0z4edbxSuBebeFuvdbsUAHC0yJATr2wvD1FneznkvPtfkCZOqD220FTGrmEuK3sNkx3QfgzRpT2VXNhWYvOWF"}}, {"model": "stores.storepage", "pk": 15, "fields": {"store": 10, "page": 4, "iframe_urls": "https://creator.zohopublic.com/zoho_sam911/order-management/view-embed/view35/NERqGG1fngap04emBxXNORZF0H6D1JORPsgPgSq1F6x4rF7vOGAO2msXhws3Fa0G5JJD9b1bmFw3P9pSV5AfxJ2pHwJVExrG92wj"}}, {"model": "stores.storepage", "pk": 65, "fields": {"store": 33, "page": 4, "iframe_urls": "https://creator.zohopublic.com/zoho_sam911/order-management/view-embed/view10/RQGjhkpJxXufQNqrqOOzy0MWXTdj3WJUeDQnk84785HaPA2Tey1ejxHd5WJ1sZfQ94CChzCR2aVV8smFFY17H9jx4XA2T69tJWuP"}}, {"model": "stores.storepage", "pk": 67, "fields": {"store": 1, "page": 7, "iframe_urls": "https://creator.zohopublic.com/zoho_sam911/order-management/view-embed/view1/A31SU68gprJenghjezhWfWYJTjyjtb80vYmqDrGNCGFbDWv5V1AC8rXBz94RrZPNsODRyfNH9Czx3XNj0yApyVh30HpnJ227vgmS"}}, {"model": "stores.storepage", "pk": 68, "fields": {"store": 2, "page": 7, "iframe_urls": "https://creator.zohopublic.com/zoho_sam911/order-management/view-embed/view2/d2eQnmM2rXSe5pn80pZ7nAHgB4tNq9r8HZqg86S6NrRvwNmFywP0YuuGkRRGhWWXuW5vFUZtS8MCgVwhn4wvrkg3ZGubZuzF2Sqg"}}, {"model": "stores.storepage", "pk": 69, "fields": {"store": 4, "page": 7, "iframe_urls": "https://creator.zohopublic.com/zoho_sam911/order-management/view-embed/view4/TB3kSHPxdRxw3Ej6rvTfknAJGakpsOMaXHsVnePtn7qspZSWTnHM4VUPNQrnaHQdP7b4jxKQh9nPj6TnymCq7JMNvGQ2xr4weQwb"}}, {"model": "stores.storepage", "pk": 70, "fields": {"store": 6, "page": 7, "iframe_urls": "https://creator.zohopublic.com/zoho_sam911/order-management/view-embed/view5/1zTwKsO1Wf3q1fFErk1O6nK5ggXKrONkPsJr3SMNd5V9aHJ7k3MdB5k78qesVWtNKJ6EYUDnqjHPZDdv14zwfhe6k6EsP7SEjgDB"}}, {"model": "stores.storepage", "pk": 71, "fields": {"store": 5, "page": 7, "iframe_urls": "https://creator.zohopublic.com/zoho_sam911/order-management/view-embed/view/pzdfU2GsypABQEPPR046QtMVhTu75SugvPepQeQPh6zH8GdQMQhfDy152Qn0KXSw8GFstWX2G51QySvbuDeWprYtXmhjZQ74e9pX"}}, {"model": "stores.storepage", "pk": 72, "fields": {"store": 7, "page": 7, "iframe_urls": "https://creator.zohopublic.com/zoho_sam911/order-management/view-embed/view6/4dx3JF34QB07nN3Q0PwAy4K23GYKV0xs8GFhpA01GudJ7yyxyjBdZ1B4UGTRV4GfYAZ7zMgfj7vdzu8QqGuJ9vEvpZG5xMHM88Z6"}}, {"model": "stores.storepage", "pk": 73, "fields": {"store": 8, "page": 7, "iframe_urls": "https://creator.zohopublic.com/zoho_sam911/order-management/view-embed/view7/XFR48MJHtCva44vgtjAwpT1eUr72a9D32vH8hHyMzEtWrA2NjpxvTeBrBv0JRN6t4s8dJpStD2dspaC612daD09QtOXRGfMmFJUe"}}, {"model": "stores.storepage", "pk": 74, "fields": {"store": 33, "page": 7, "iframe_urls": "https://creator.zohopublic.com/zoho_sam911/order-management/view-embed/view11/UbPOnMvjypNeu4DSBRCSx4NX6gfZMO3KkKZSJyeXxfwy2qKeC088QCR8qwXbq9qapqbjna49npeFGtu5QtAqSXABOSJ1K12B2Sxk"}}, {"model": "stores.storepage", "pk": 75, "fields": {"store": 10, "page": 7, "iframe_urls": "https://creator.zohopublic.com/zoho_sam911/order-management/view-embed/view8/seWNXGEUQCMsVs26rTFst8XeFy35kDbBzu4vsEWmpbStdrg85SHMdYRG6dbVkEFPu6wD4trEnSKZ33ORfEkAySVVJa40XJ8B1Y8y"}}, {"model": "stores.storepage", "pk": 76, "fields": {"store": 11, "page": 7, "iframe_urls": "https://creator.zohopublic.com/zoho_sam911/order-management/view-embed/view9/ndMMrQtmAY2y1TfRJ1npwpC3NPXJdAQYOhEjbzPV92YRWMFjuhzYnKAEPJbVVRByN4y1Drg3KP5EptOAnPjb8Bff64pmP1VUynj2"}}, {"model": "stores.storepage", "pk": 77, "fields": {"store": 12, "page": 7, "iframe_urls": "https://creator.zohopublic.com/zoho_sam911/order-management/view-embed/form2_Report2/xZxraCtnghj8X65aMCQGYVRgsPZEM1zqmRGjQPAhkvFBwuSHhXSmhMDN6w7tGfYkaNtHgXCZpXm8kKa6Z7Y4NTbfMPn7prCmMP3H"}}, {"model": "zoho.page", "pk": 2, "fields": {"level": "CHAIN_LEVEL", "title": "\u60a3\u8005", "description": "\u5f55\u5165\u75c5\u4eba\u8d44\u6599", "slug": "patient", "iframe_urls": "https://creator.zohopublic.com/zoho_sam911/order-management/form-embed/patient_reg/nRRuVb4rDw2rBhDbQK0pYXTjSFBTeh1wfgw5x0fvTNvkbnaMYgDKmdTxEvXRYbe0C76Gq9PyfVX610e80EqjbemKgXn4xmw98rQN", "is_restricted": false, "groups_visible_to": []}}, {"model": "zoho.page", "pk": 3, "fields": {"level": "CHAIN_LEVEL", "title": "\u9a8c\u5149", "description": "\u5f55\u5165\u9a8c\u5149\u8d44\u6599", "slug": "exam", "iframe_urls": "https://creator.zohopublic.com/zoho_sam911/order-management/form-embed/refraction/ajE4qQhCNNeEO0uQJquzXtCaBHpwFR15bCkOYZ1FNSNFv0HTPDjpHvVYTEN8dYfAsd7ftrp3NGm3fe3ZmnQBehgNP5dN1TxwajaC", "is_restricted": false, "groups_visible_to": []}}, {"model": "zoho.page", "pk": 4, "fields": {"level": "STORE_LEVEL", "title": "\u5e93\u5b58\u62a5\u8868", "description": "\u663e\u793a\u5e93\u5b58\u955c\u7247\u548c\u955c\u67b6", "slug": "lensinventory", "iframe_urls": "", "is_restricted": false, "groups_visible_to": []}}, {"model": "zoho.page", "pk": 5, "fields": {"level": "CHAIN_LEVEL", "title": "\u9500\u552e", "description": "\u5f55\u5165\u9500\u552e\u8d44\u6599", "slug": "sale", "iframe_urls": "https://creator.zohopublic.com/zoho_sam911/order-management/form-embed/form3/6nFOgYnDYDzBpBJCWzmd9aYbB5tkVOHCev9Aj5194VSNTRdYTepbxqMFtq75uy145zFSg6Z8JRpQpHMabjAAbuRnR0bEQGGu8Ypx", "is_restricted": false, "groups_visible_to": []}}, {"model": "zoho.page", "pk": 6, "fields": {"level": "CHAIN_LEVEL", "title": "\u4eea\u8868\u677f", "description": "\u5404\u89c6\u5149\u4e2d\u5fc3\u3001\u65e5\u671f\u3001\u9500\u552e\u91cf\u6bd4\u8f83\u3001\u62a5\u8868", "slug": "salescomparison", "iframe_urls": "https://creator.zohopublic.com/zoho_sam911/order-management/report-embed/report5/JOUduN2wNdq2Crdv46HYWjXVDCv7sHyxbqgns2D7u7Hzr2bZO8tZWPWgtNfp57nhH89Z0sPBGXz1hx42ynutw96hPpd9BZSATh3a\nhttps://creator.zohopublic.com/zoho_sam911/order-management/report-embed/report7/1eTRZFk7JC87ACDQsXXb0P8O1EvF0b1Dw9pkDq1gthMBKvn42kVQZBQSdd3x23rwY3CRHt05p6qErRd43fmjkGjdUQrCyBWhTdrq", "is_restricted": false, "groups_visible_to": []}}, {"model": "zoho.page", "pk": 7, "fields": {"level": "STORE_LEVEL", "title": "\u75c5\u4eba+\u9a8c\u5149+\u9500\u552e", "description": "\u663e\u793a\u8fc7\u53bb\u7684\u75c5\u4eba\u767b\u8bb0\uff0c\u9a8c\u5149\uff0c\u9500\u552e\u7684\u8bb0\u5f55", "slug": "patientrecords", "iframe_urls": "", "is_restricted": false, "groups_visible_to": []}}, {"model": "zoho.page", "pk": 10, "fields": {"level": "CHAIN_LEVEL", "title": "\u65b0\u4ea7\u54c1\u79cd\u7c7b", "description": "\u5e93\u5b58\u4ee5\u524d\u6ca1\u6709\u7684\u4ea7\u54c1\uff0c\u9700\u8981\u5148\u5f55\u5165\u65b0\u4ea7\u54c1", "slug": "newproduct", "iframe_urls": "https://creator.zohopublic.com/zoho_sam911/order-management/form-embed/frameproducts/EYPPSfWJOQ15ZDOw1D45yr51K1r2YMCsWG9HdQxwj1RJXnh6w3XX9WtzQeZPFC49k3rJ5zNFTOVtZg4RdTjjvYPyEWjFpWyNGq84\nhttps://creator.zohopublic.com/zoho_sam911/order-management/form-embed/lensproducts/PHj9AkzVg6jnyVZqa488TT4aNAdOTVv9gZUqVbAzFtnWmCkb3hjvXzYKXYnDbDHFU5zQDDhOPaDhHkxYfgrrDTSftfsGPQ5TWT8n", "is_restricted": false, "groups_visible_to": []}}, {"model": "zoho.page", "pk": 11, "fields": {"level": "CHAIN_LEVEL", "title": "\u5165\u5e93", "description": "", "slug": "newinventory", "iframe_urls": "https://creator.zohopublic.com/zoho_sam911/order-management/form-embed/frameform/F6G66Q2ZBX3THxJEayOCkYyh7ZpmtG0HyPdtRUXVjggp0kGT5TnYeUMFhtAbsAUyJm7xjHVU67Q0KtMB6p7OtnZ5f1Y11PrC7u4S\nhttps://creator.zohopublic.com/zoho_sam911/order-management/form-embed/lensform/JAmJhFzU27MSbPfnrYSvRX93mtSd4tQVYK7W3Yr49EArMs97wzGB3AQvOGRZQC3Ask144dk3fQmgD0bhDa0kOmHOaqpH8xfPwJdp", "is_restricted": false, "groups_visible_to": []}}, {"model": "zoho.page", "pk": 12, "fields": {"level": "CHAIN_LEVEL", "title": "\u5e93\u5b58\u76d8\u70b9", "description": "", "slug": "inventoryreviewform", "iframe_urls": "https://creator.zohopublic.com/zoho_sam911/order-management/form-embed/Master_Inventory_Review_Form/PwRXWZH97QBasfB7XHZTsvZEGQ5FKDwHT5WSWGQ1WKdH7yvjmJJVJNNCa9S2PWx250XdFuvnYHe71tFjHC8FNfJX73HNRn3QNrsz", "is_restricted": false, "groups_visible_to": []}}, {"model": "zoho.page", "pk": 13, "fields": {"level": "CHAIN_LEVEL", "title": "\u5ba1\u67e5\u8bb0\u5f55", "description": "\u81ea\u52a8\u8ba1\u7b97\u9500\u8d27\u548c\u4e58\u8d27", "slug": "discrepancyrecords", "iframe_urls": "https://creator.zohopublic.com/zoho_sam911/order-management/view-embed/Frame_Discrepancy_Report/v1pVCVkrJXrUebDwRVyYYmV75sTAkTFJVfp81Na3VGO0RvSQB7Ja8aUWTQV4dYr9zg0MEqTteQRqOCv5QyaMQyJZugZ4dbpHnguv", "is_restricted": false, "groups_visible_to": []}}, {"model": "zoho.page", "pk": 14, "fields": {"level": "CHAIN_LEVEL", "title": "\u4ea7\u54c1\u79cd\u7c7b", "description": "", "slug": "products", "iframe_urls": "https://creator.zohopublic.com/zoho_sam911/order-management/view-embed/Products_Report/Katy63BA2K2MATbuwPGXahJkRjXNXAZfvRPhJ3x70vFyWu6dEMVhUuk9wEzzCvVOdNFE9nde49PaPQmYwuJ2pqkw1zgHC1YU76b1\nhttps://creator.zohopublic.com/zoho_sam911/order-management/view-embed/products1_Report/D3OU18GsCBQng6KSqmABfyMatQT1AbFbhVKqB7a2t9UHNEzyhvt9M5G5j5k5F5HqMpWaRtXyJxFKm5d1Qkr05bGQ1wASG8xEtHdt", "is_restricted": false, "groups_visible_to": []}}, {"model": "zoho.page", "pk": 15, "fields": {"level": "CHAIN_LEVEL", "title": "\u89c6\u5149\u4e2d\u5fc3\u6587\u6863", "description": "\u8fd0\u8425\u624b\u518c\u3001\u4eba\u529b\u8d44\u6e90\u3001\u653f\u7b56\u3001\u95ee\u9898\u89e3\u7b54", "slug": "documents", "iframe_urls": "documents.html", "is_restricted": false, "groups_visible_to": []}}]
